lat,lon,km_to_nearest_access_point,nearest_access_point_id
-30.655,28.035,41.7,90
-30.61,27.765,23.1,91
-30.61,27.81,24.5,91
-30.61,27.855,26.6,90
-30.61,27.945,32.0,90
-30.61,27.99,35.2,90
-30.61,28.035,38.6,90
-30.61,28.08,42.2,90
-30.565,27.72,17.5,91
-30.565,27.765,18.3,91
-30.565,27.81,20.1,90
-30.565,27.855,22.5,90
-30.565,27.9,25.4,90
-30.565,27.945,28.7,90
-30.565,27.99,32.2,90
-30.565,28.035,35.9,90
-30.565,28.08,38.1,55
-30.565,28.125,40.5,55
-30.52,27.675,12.8,91
-30.52,27.72,12.5,91
-30.52,27.765,13.6,90
-30.52,27.81,15.9,90
-30.52,27.855,18.9,90
-30.52,27.9,22.3,90
-30.52,27.945,26.0,90
-30.52,27.99,29.7,55
-30.52,28.035,31.6,55
-30.52,28.08,33.9,55
-30.52,28.125,36.2,56
-30.52,28.17,36.3,56
-30.475,27.63,10.5,91
-30.475,27.675,8.1,91
-30.475,27.72,7.6,91
-30.475,27.765,9.3,90
-30.475,27.81,12.3,90
-30.475,27.855,16.0,90
-30.475,27.9,19.9,90
-30.475,27.945,23.6,55
-30.475,27.99,25.2,55
-30.475,28.035,27.3,55
-30.475,28.08,30.0,55
-30.475,28.125,31.2,56
-30.43,27.585,12.0,91
-30.43,27.63,7.8,91
-30.43,27.675,3.9,91
-30.43,27.72,2.8,90
-30.43,27.765,6.0,90
-30.43,27.81,10.1,90
-30.43,27.855,14.4,90
-30.43,27.9,17.8,55
-30.43,27.945,18.8,55
-30.43,27.99,20.8,55
-30.43,28.035,23.3,55
-30.43,28.08,26.4,55
-30.43,28.125,26.2,56
-30.43,28.17,26.3,56
-30.43,28.215,27.1,56
-30.385,27.54,16.2,91
-30.385,27.585,12.0,91
-30.385,27.63,7.8,91
-30.385,27.675,4.0,91
-30.385,27.72,2.8,90
-30.385,27.765,6.1,90
-30.385,27.81,10.1,90
-30.385,27.855,12.8,55
-30.385,27.9,12.8,55
-30.385,27.945,14.3,55
-30.385,27.99,16.7,55
-30.385,28.035,19.8,55
-30.385,28.08,22.0,56
-30.385,28.125,21.2,56
-30.385,28.17,21.3,56
-30.385,28.215,22.3,56
-30.385,28.26,24.0,56
-30.34,27.495,21.0,93
-30.34,27.54,17.7,91
-30.34,27.585,13.9,91
-30.34,27.63,10.6,91
-30.34,27.675,8.1,90
-30.34,27.72,7.6,90
-30.34,27.765,9.3,90
-30.34,27.81,9.9,55
-30.34,27.855,7.9,55
-30.34,27.9,8.0,55
-30.34,27.945,10.1,55
-30.34,27.99,13.4,55
-30.34,28.035,17.1,55
-30.34,28.08,17.2,56
-30.34,28.125,16.2,56
-30.34,28.17,16.4,56
-30.34,28.215,17.6,56
-30.295,27.405,17.4,93
-30.295,27.45,16.2,93
-30.295,27.495,16.1,93
-30.295,27.54,17.1,93
-30.295,27.585,17.2,91
-30.295,27.63,14.6,91
-30.295,27.675,12.9,90
-30.295,27.72,12.6,90
-30.295,27.765,10.9,55
-30.295,27.81,6.8,55
-30.295,27.855,3.3,55
-30.295,27.9,3.5,55
-30.295,27.945,7.2,55
-30.295,27.99,11.3,55
-30.295,28.035,15.2,56
-30.295,28.08,12.7,56
-30.295,28.125,11.3,56
-30.295,28.17,11.5,56
-30.25,27.405,13.0,93
-30.25,27.45,11.3,93
-30.25,27.495,11.1,93
-30.25,27.54,12.5,93
-30.25,27.585,15.1,93
-30.25,27.63,18.4,93
-30.25,27.675,17.8,90
-30.25,27.72,15.1,55
-30.25,27.765,10.9,55
-30.25,27.81,6.7,55
-30.25,27.855,3.1,55
-30.25,27.9,3.4,55
-30.25,27.945,7.1,55
-30.25,27.99,11.3,55
-30.25,28.035,12.0,56
-30.25,28.08,8.6,56
-30.25,28.125,6.4,56
-30.25,28.17,6.7,56
-30.25,28.215,9.3,56
-30.25,28.26,12.8,56
-30.25,28.305,16.8,56
-30.205,27.405,9.1,93
-30.205,27.45,6.5,93
-30.205,27.495,6.2,93
-30.205,27.54,8.5,93
-30.205,27.585,12.0,93
-30.205,27.63,15.9,93
-30.205,27.675,20.0,93
-30.205,27.72,16.7,55
-30.205,27.765,12.9,55
-30.205,27.81,9.7,55
-30.205,27.855,7.7,55
-30.205,27.9,7.8,55
-30.205,27.945,10.0,55
-30.205,27.99,13.3,55
-30.205,28.035,10.4,56
-30.205,28.08,6.1,56
-30.205,28.125,2.0,56
-30.205,28.17,2.9,56
-30.205,28.215,7.0,56
-30.205,28.26,11.3,56
-30.205,28.305,15.6,56
-30.16,27.405,7.0,93
-30.16,27.45,2.8,93
-30.16,27.495,2.0,93
-30.16,27.54,6.1,93
-30.16,27.585,10.4,93
-30.16,27.63,14.8,93
-30.16,27.675,19.1,93
-30.16,27.72,19.4,55
-30.16,27.765,16.3,55
-30.16,27.81,13.9,55
-30.16,27.855,12.6,55
-30.16,27.9,12.6,55
-30.16,27.945,14.1,55
-30.16,27.99,15.2,56
-30.16,28.035,11.0,56
-30.16,28.08,7.2,56
-30.16,28.125,4.2,56
-30.16,28.17,4.7,56
-30.16,28.215,8.0,56
-30.16,28.26,11.9,56
-30.16,28.305,16.1,56
-30.16,28.35,20.3,56
-30.115,27.36,11.9,93
-30.115,27.405,8.0,93
-30.115,27.45,4.8,93
-30.115,27.495,4.4,93
-30.115,27.54,7.3,93
-30.115,27.585,11.2,93
-30.115,27.63,15.3,93
-30.115,27.675,19.5,93
-30.115,27.72,22.9,55
-30.115,27.765,20.4,55
-30.115,27.81,18.5,55
-30.115,27.855,17.5,55
-30.115,27.9,17.6,55
-30.115,27.945,18.6,55
-30.115,27.99,17.2,56
-30.115,28.035,13.6,56
-30.115,28.08,10.7,56
-30.115,28.125,9.0,56
-30.115,28.17,9.3,56
-30.115,28.215,11.3,56
-30.115,28.26,14.3,56
-30.115,28.305,18.0,56
-30.115,28.35,21.8,56
-30.115,28.395,25.8,56
-30.115,28.44,23.2,87
-30.115,28.485,18.9,87
-30.115,28.53,14.5,87
-30.115,28.575,10.2,87
-30.115,28.62,5.9,87
-30.115,28.665,1.6,87
-30.115,28.71,2.3,69
-30.07,27.315,18.0,93
-30.07,27.36,14.4,93
-30.07,27.405,11.4,93
-30.07,27.45,9.4,93
-30.07,27.495,9.2,93
-30.07,27.54,10.9,93
-30.07,27.585,13.8,93
-30.07,27.63,17.3,93
-30.07,27.675,21.1,93
-30.07,27.72,25.1,93
-30.07,27.765,24.8,55
-30.07,27.81,23.3,55
-30.07,27.855,22.5,55
-30.07,27.9,22.5,55
-30.07,27.945,23.4,55
-30.07,27.99,20.2,56
-30.07,28.035,17.3,56
-30.07,28.08,15.1,56
-30.07,28.125,14.0,56
-30.07,28.17,14.1,56
-30.07,28.215,15.5,56
-30.07,28.26,17.9,56
-30.07,28.305,20.9,56
-30.07,28.35,24.3,56
-30.07,28.395,28.0,56
-30.07,28.44,23.7,87
-30.07,28.485,19.5,87
-30.07,28.53,15.4,87
-30.07,28.575,11.3,87
-30.07,28.62,7.7,87
-30.07,28.665,5.2,87
-30.07,28.71,5.7,87
-30.07,28.755,8.6,84
-30.07,28.8,12.2,84
-30.07,28.845,16.2,69
-30.025,27.27,22.5,78
-30.025,27.315,21.0,93
-30.025,27.36,18.0,93
-30.025,27.405,15.7,93
-30.025,27.45,14.3,93
-30.025,27.495,14.2,93
-30.025,27.54,15.3,93
-30.025,27.585,17.5,93
-30.025,27.63,20.4,93
-30.025,27.675,23.7,93
-30.025,27.72,27.3,93
-30.025,27.765,29.4,55
-30.025,27.81,28.1,55
-30.025,27.855,27.5,55
-30.025,27.9,25.2,21
-30.025,27.945,22.9,21
-30.025,27.99,21.3,21
-30.025,28.035,20.5,21
-30.025,28.08,19.8,56
-30.025,28.125,19.0,56
-30.025,28.17,19.1,56
-30.025,28.215,20.1,56
-30.025,28.26,22.0,56
-30.025,28.305,24.5,56
-30.025,28.35,27.5,56
-30.025,28.395,29.3,87
-30.025,28.44,25.2,87
-30.025,28.485,21.3,87
-30.025,28.53,17.6,87
-30.025,28.575,14.3,87
-30.025,28.62,11.6,87
-30.025,28.665,10.1,87
-30.025,28.71,10.3,87
-30.025,28.755,12.2,87
-30.025,28.8,15.1,84
-30.025,28.845,18.5,84
-30.025,28.89,22.2,84
-30.025,28.935,26.1,69
-30.025,28.98,30.1,69
-29.98,27.225,17.5,78
-29.98,27.27,17.5,78
-29.98,27.315,18.6,78
-29.98,27.36,20.5,78
-29.98,27.405,20.3,93
-29.98,27.45,19.2,93
-29.98,27.495,19.1,93
-29.98,27.54,20.0,93
-29.98,27.585,21.7,93
-29.98,27.63,24.1,93
-29.98,27.675,27.0,93
-29.98,27.72,30.2,93
-29.98,27.765,31.8,21
-29.98,27.81,28.0,21
-29.98,27.855,24.5,21
-29.98,27.9,21.3,21
-29.98,27.945,18.6,21
-29.98,27.99,16.6,21
-29.98,28.035,15.5,21
-29.98,28.08,15.6,21
-29.98,28.125,16.9,21
-29.98,28.17,19.1,21
-29.98,28.215,22.0,21
-29.98,28.26,25.2,21
-29.98,28.305,28.5,56
-29.98,28.35,31.1,56
-29.98,28.395,31.3,87
-29.98,28.44,27.6,87
-29.98,28.485,24.1,87
-29.98,28.53,20.9,87
-29.98,28.575,18.1,87
-29.98,28.62,16.1,87
-29.98,28.665,15.0,87
-29.98,28.71,15.2,87
-29.98,28.755,16.5,87
-29.98,28.8,18.8,87
-29.98,28.845,21.7,87
-29.98,28.89,25.0,84
-29.98,28.935,28.5,84
-29.98,28.98,32.2,84
-29.98,29.025,36.1,69
-29.935,27.225,12.5,78
-29.935,27.27,12.6,78
-29.935,27.315,14.0,78
-29.935,27.36,16.5,78
-29.935,27.405,19.7,78
-29.935,27.45,23.2,78
-29.935,27.495,24.1,93
-29.935,27.54,24.8,93
-29.935,27.585,26.2,93
-29.935,27.63,28.2,93
-29.935,27.675,30.7,93
-29.935,27.72,33.6,93
-29.935,27.765,29.7,21
-29.935,27.81,25.6,21
-29.935,27.855,21.7,21
-29.935,27.9,18.1,21
-29.935,27.945,14.7,21
-29.935,27.99,12.1,21
-29.935,28.035,10.6,21
-29.935,28.08,10.7,21
-29.935,28.125,12.5,21
-29.935,28.17,15.4,21
-29.935,28.215,18.8,21
-29.935,28.26,22.5,21
-29.935,28.305,26.4,21
-29.935,28.35,30.5,21
-29.935,28.395,34.0,87
-29.935,28.44,30.6,87
-29.935,28.485,27.5,87
-29.935,28.53,24.7,87
-29.935,28.575,22.4,87
-29.935,28.62,20.8,87
-29.935,28.665,20.0,87
-29.935,28.71,20.1,87
-29.935,28.755,21.2,87
-29.935,28.8,23.0,87
-29.935,28.845,25.4,87
-29.935,28.89,28.3,87
-29.935,28.935,31.5,84
-29.935,28.98,34.9,84
-29.935,29.025,38.5,84
-29.935,29.07,42.2,84
-29.935,29.115,46.1,84
-29.89,27.18,9.6,81
-29.89,27.225,7.7,78
-29.89,27.27,7.7,78
-29.89,27.315,9.9,78
-29.89,27.36,13.2,78
-29.89,27.405,17.0,78
-29.89,27.45,21.0,78
-29.89,27.495,25.1,78
-29.89,27.54,29.2,78
-29.89,27.585,30.9,93
-29.89,27.63,32.6,93
-29.89,27.675,34.8,93
-29.89,27.72,32.6,21
-29.89,27.765,28.3,21
-29.89,27.81,24.0,21
-29.89,27.855,19.8,21
-29.89,27.9,15.7,21
-29.89,27.945,11.7,21
-29.89,27.99,8.1,21
-29.89,28.035,5.7,21
-29.89,28.08,6.0,21
-29.89,28.125,8.8,21
-29.89,28.17,12.5,21
-29.89,28.215,16.5,21
-29.89,28.26,20.7,21
-29.89,28.305,24.9,21
-29.89,28.35,29.2,21
-29.89,28.395,33.4,21
-29.89,28.44,34.1,87
-29.89,28.485,31.3,87
-29.89,28.53,28.9,87
-29.89,28.575,27.0,87
-29.89,28.62,25.6,87
-29.89,28.665,25.0,87
-29.89,28.71,25.1,87
-29.89,28.755,25.9,87
-29.89,28.8,27.5,87
-29.89,28.845,29.5,87
-29.89,28.89,32.0,87
-29.89,28.935,34.9,87
-29.89,28.98,38.1,84
-29.89,29.025,41.4,84
-29.89,29.07,44.9,84
-29.89,29.115,48.5,84
-29.89,29.16,52.2,84
-29.845,27.18,6.6,81
-29.845,27.225,3.0,81
-29.845,27.27,3.3,78
-29.845,27.315,7.0,78
-29.845,27.36,11.2,78
-29.845,27.405,15.5,78
-29.845,27.45,19.8,78
-29.845,27.495,24.1,78
-29.845,27.54,28.4,78
-29.845,27.585,32.7,78
-29.845,27.63,37.1,78
-29.845,27.675,36.5,21
-29.845,27.72,32.1,21
-29.845,27.765,27.8,21
-29.845,27.81,23.4,21
-29.845,27.855,19.1,21
-29.845,27.9,14.8,21
-29.845,27.945,10.4,21
-29.845,27.99,6.1,21
-29.845,28.035,1.8,21
-29.845,28.08,2.6,21
-29.845,28.125,7.0,21
-29.845,28.17,11.3,21
-29.845,28.215,15.6,21
-29.845,28.26,20.0,21
-29.845,28.305,24.3,21
-29.845,28.35,28.7,21
-29.845,28.395,33.0,21
-29.845,28.44,37.3,21
-29.845,28.485,35.4,87
-29.845,28.53,33.3,87
-29.845,28.575,31.7,87
-29.845,28.62,30.5,87
-29.845,28.665,30.0,87
-29.845,28.71,30.1,87
-29.845,28.755,30.8,87
-29.845,28.8,32.1,87
-29.845,28.845,33.9,87
-29.845,28.89,36.1,87
-29.845,28.935,38.7,87
-29.845,28.98,41.5,87
-29.845,29.025,44.6,84
-29.845,29.07,47.9,84
-29.8,27.135,5.5,65
-29.8,27.18,6.6,77
-29.8,27.225,2.9,75
-29.8,27.27,3.0,75
-29.8,27.315,6.9,75
-29.8,27.36,11.1,75
-29.8,27.405,15.4,75
-29.8,27.45,19.7,75
-29.8,27.495,24.0,75
-29.8,27.54,28.3,75
-29.8,27.585,32.7,75
-29.8,27.63,37.0,75
-29.8,27.675,36.8,21
-29.8,27.72,32.4,21
-29.8,27.765,28.2,21
-29.8,27.81,23.9,21
-29.8,27.855,19.6,21
-29.8,27.9,15.5,21
-29.8,27.945,11.4,21
-29.8,27.99,7.6,21
-29.8,28.035,4.9,21
-29.8,28.08,5.3,21
-29.8,28.125,8.3,21
-29.8,28.17,12.2,21
-29.8,28.215,16.3,21
-29.8,28.26,20.5,21
-29.8,28.305,24.7,21
-29.8,28.35,29.0,21
-29.8,28.395,32.3,58
-29.8,28.44,34.2,58
-29.8,28.485,33.0,95
-29.8,28.53,31.7,95
-29.8,28.575,31.0,79
-29.8,28.62,30.9,79
-29.8,28.665,31.3,79
-29.8,28.71,32.4,79
-29.8,28.755,34.0,79
-29.8,28.8,36.0,79
-29.8,28.845,38.4,87
-29.8,28.89,40.3,87
-29.8,28.935,42.7,87
-29.8,28.98,45.3,87
-29.8,29.025,48.2,87
-29.8,29.07,51.2,84
-29.8,29.115,54.4,84
-29.755,27.135,2.4,65
-29.755,27.18,6.8,65
-29.755,27.225,7.3,75
-29.755,27.27,7.3,75
-29.755,27.315,9.6,75
-29.755,27.36,13.0,75
-29.755,27.405,16.8,75
-29.755,27.45,20.8,75
-29.755,27.495,24.9,75
-29.755,27.54,29.1,75
-29.755,27.585,33.4,75
-29.755,27.63,34.9,92
-29.755,27.675,34.0,92
-29.755,27.72,33.5,21
-29.755,27.765,29.4,21
-29.755,27.81,25.3,21
-29.755,27.855,21.4,21
-29.755,27.9,17.6,21
-29.755,27.945,14.2,21
-29.755,27.99,11.4,21
-29.755,28.035,9.7,21
-29.755,28.08,9.9,21
-29.755,28.125,11.8,21
-29.755,28.17,14.8,21
-29.755,28.215,18.3,21
-29.755,28.26,22.2,21
-29.755,28.305,25.1,58
-29.755,28.35,26.1,58
-29.755,28.395,27.7,58
-29.755,28.44,29.9,58
-29.755,28.485,28.4,95
-29.755,28.53,26.9,95
-29.755,28.575,26.0,79
-29.755,28.62,25.9,79
-29.755,28.665,26.4,79
-29.755,28.71,27.7,79
-29.755,28.755,29.5,79
-29.755,28.8,31.8,79
-29.755,28.845,34.6,79
-29.755,28.89,37.6,79
-29.755,28.935,40.9,79
-29.755,28.98,44.3,79
-29.755,29.025,47.9,79
-29.755,29.07,51.6,79
-29.755,29.115,52.1,96
-29.71,27.09,5.4,65
-29.71,27.135,5.6,65
-29.71,27.18,8.5,65
-29.71,27.225,12.2,75
-29.71,27.27,12.2,75
-29.71,27.315,13.7,75
-29.71,27.36,16.2,75
-29.71,27.405,19.4,75
-29.71,27.45,23.0,75
-29.71,27.495,26.8,75
-29.71,27.54,30.7,75
-29.71,27.585,31.6,92
-29.71,27.63,30.1,92
-29.71,27.675,29.1,92
-29.71,27.72,28.8,92
-29.71,27.765,29.1,92
-29.71,27.81,27.6,21
-29.71,27.855,24.0,21
-29.71,27.9,20.8,21
-29.71,27.945,17.9,21
-29.71,27.99,15.8,21
-29.71,28.035,14.7,21
-29.71,28.08,14.8,21
-29.71,28.125,16.2,21
-29.71,28.17,18.5,21
-29.71,28.215,20.6,58
-29.71,28.26,19.9,58
-29.71,28.305,20.2,58
-29.71,28.35,21.4,58
-29.71,28.395,23.3,58
-29.71,28.44,25.9,58
-29.71,28.485,24.0,95
-29.71,28.53,22.1,95
-29.71,28.575,21.1,95
-29.71,28.62,20.9,79
-29.71,28.665,21.6,79
-29.71,28.71,23.1,79
-29.71,28.755,25.3,79
-29.71,28.8,27.9,79
-29.71,28.845,31.0,79
-29.71,28.89,34.4,79
-29.71,28.935,37.9,79
-29.71,28.98,41.6,79
-29.71,29.025,45.4,79
-29.71,29.07,46.9,67
-29.71,29.115,47.1,96
-29.665,27.045,11.9,65
-29.665,27.09,10.3,65
-29.665,27.135,10.4,65
-29.665,27.18,12.2,65
-29.665,27.225,15.0,65
-29.665,27.27,17.1,75
-29.665,27.315,18.2,75
-29.665,27.36,20.2,75
-29.665,27.405,22.8,75
-29.665,27.45,25.9,75
-29.665,27.495,29.4,75
-29.665,27.54,29.0,64
-29.665,27.585,27.1,92
-29.665,27.63,25.3,92
-29.665,27.675,24.2,92
-29.665,27.72,23.8,92
-29.665,27.765,24.1,92
-29.665,27.81,25.3,92
-29.665,27.855,27.1,92
-29.665,27.9,24.5,21
-29.665,27.945,22.2,21
-29.665,27.99,20.5,21
-29.665,28.035,19.7,21
-29.665,28.08,19.8,21
-29.665,28.125,20.4,58
-29.665,28.17,17.7,58
-29.665,28.215,15.8,58
-29.665,28.26,14.9,58
-29.665,28.305,15.3,58
-29.665,28.35,16.8,58
-29.665,28.395,19.2,58
-29.665,28.44,22.3,58
-29.665,28.485,19.8,95
-29.665,28.53,17.5,95
-29.665,28.575,16.1,95
-29.665,28.62,15.9,79
-29.665,28.665,16.8,79
-29.665,28.71,18.7,79
-29.665,28.755,21.3,79
-29.665,28.8,24.4,79
-29.665,28.845,27.9,79
-29.665,28.89,31.6,79
-29.665,28.935,35.4,79
-29.665,28.98,39.3,79
-29.665,29.025,42.1,67
-29.665,29.07,41.9,67
-29.665,29.115,42.2,96
-29.665,29.16,42.9,96
-29.62,27.09,15.2,65
-29.62,27.135,15.3,65
-29.62,27.18,16.5,65
-29.62,27.225,18.7,65
-29.62,27.27,21.6,65
-29.62,27.315,23.0,75
-29.62,27.36,24.6,75
-29.62,27.405,26.8,75
-29.62,27.45,26.3,64
-29.62,27.495,24.8,64
-29.62,27.54,24.1,64
-29.62,27.585,22.9,92
-29.62,27.63,20.7,92
-29.62,27.675,19.3,92
-29.62,27.72,18.7,92
-29.62,27.765,19.2,92
-29.62,27.81,20.6,92
-29.62,27.855,22.8,92
-29.62,27.9,21.7,57
-29.62,27.945,18.9,57
-29.62,27.99,16.8,57
-29.62,28.035,15.6,57
-29.62,28.08,15.6,57
-29.62,28.125,16.7,57
-29.62,28.17,13.7,58
-29.62,28.215,11.2,58
-29.62,28.26,9.9,58
-29.62,28.305,10.5,58
-29.62,28.35,12.6,58
-29.62,28.395,15.7,58
-29.62,28.44,19.3,58
-29.62,28.485,16.0,95
-29.62,28.53,13.2,95
-29.62,28.575,11.3,95
-29.62,28.62,10.9,79
-29.62,28.665,12.2,79
-29.62,28.71,14.7,79
-29.62,28.755,17.9,79
-29.62,28.8,21.5,79
-29.62,28.845,25.4,79
-29.62,28.89,29.4,79
-29.62,28.935,33.5,79
-29.62,28.98,37.6,79
-29.62,29.025,37.1,67
-29.62,29.07,36.9,67
-29.62,29.115,37.2,96
-29.62,29.16,38.0,96
-29.62,29.205,39.3,96
-29.62,29.25,41.0,96
-29.575,27.135,20.2,65
-29.575,27.18,21.2,65
-29.575,27.225,23.0,65
-29.575,27.27,25.4,65
-29.575,27.315,27.8,75
-29.575,27.36,26.1,19
-29.575,27.405,24.3,64
-29.575,27.45,21.8,64
-29.575,27.495,20.0,64
-29.575,27.54,19.1,64
-29.575,27.585,19.0,92
-29.575,27.63,16.3,92
-29.575,27.675,14.4,92
-29.575,27.72,13.7,92
-29.575,27.765,14.4,92
-29.575,27.81,16.2,92
-29.575,27.855,18.9,92
-29.575,27.9,18.5,57
-29.575,27.945,15.1,57
-29.575,27.99,12.3,57
-29.575,28.035,10.7,57
-29.575,28.08,10.6,57
-29.575,28.125,12.3,57
-29.575,28.17,10.7,58
-29.575,28.215,7.1,58
-29.575,28.26,4.9,58
-29.575,28.305,6.0,58
-29.575,28.35,9.2,58
-29.575,28.395,13.1,58
-29.575,28.44,17.2,95
-29.575,28.485,13.2,95
-29.575,28.53,9.5,95
-29.575,28.575,6.6,95
-29.575,28.62,5.9,79
-29.575,28.665,8.1,79
-29.575,28.71,11.5,79
-29.575,28.755,15.4,79
-29.575,28.8,19.5,79
-29.575,28.845,23.7,79
-29.575,28.89,27.9,79
-29.575,28.935,32.2,79
-29.575,28.98,32.9,67
-29.575,29.025,32.1,67
-29.575,29.07,31.9,67
-29.575,29.115,32.2,96
-29.575,29.16,33.2,96
-29.575,29.205,34.6,96
-29.575,29.25,36.5,96
-29.575,29.295,38.8,96
-29.53,27.27,26.6,19
-29.53,27.315,23.8,19
-29.53,27.36,21.5,19
-29.53,27.405,19.9,19
-29.53,27.45,17.7,64
-29.53,27.495,15.4,64
-29.53,27.54,14.1,64
-29.53,27.585,14.1,64
-29.53,27.63,12.4,92
-29.53,27.675,9.8,92
-29.53,27.72,8.7,92
-29.53,27.765,9.7,92
-29.53,27.81,12.3,92
-29.53,27.855,15.6,92
-29.53,27.9,16.3,57
-29.53,27.945,12.2,57
-29.53,27.99,8.6,57
-29.53,28.035,5.9,57
-29.53,28.08,5.8,57
-29.53,28.125,8.4,57
-29.53,28.17,9.6,58
-29.53,28.215,5.2,54
-29.53,28.26,0.8,54
-29.53,28.305,3.5,54
-29.53,28.35,7.9,54
-29.53,28.395,12.2,54
-29.53,28.44,15.9,63
-29.53,28.485,11.6,63
-29.53,28.53,7.3,63
-29.53,28.575,3.2,95
-29.53,28.62,1.5,79
-29.53,28.665,5.6,79
-29.53,28.71,10.0,79
-29.53,28.755,14.3,79
-29.53,28.8,18.7,79
-29.53,28.845,23.0,79
-29.53,28.89,27.4,79
-29.53,28.935,29.7,67
-29.53,28.98,28.1,67
-29.53,29.025,27.1,67
-29.53,29.07,26.9,67
-29.53,29.115,27.3,96
-29.53,29.16,28.4,96
-29.53,29.205,30.1,96
-29.53,29.25,32.2,96
-29.53,29.295,34.8,96
-29.485,27.405,15.1,19
-29.485,27.45,14.0,8
-29.485,27.495,11.1,64
-29.485,27.54,9.2,64
-29.485,27.585,9.2,64
-29.485,27.63,9.6,101
-29.485,27.675,5.8,92
-29.485,27.72,3.7,92
-29.485,27.765,5.7,92
-29.485,27.81,9.4,92
-29.485,27.855,13.5,92
-29.485,27.9,15.3,57
-29.485,27.945,11.0,57
-29.485,27.99,6.6,57
-29.485,28.035,2.3,57
-29.485,28.08,2.1,57
-29.485,28.125,6.5,57
-29.485,28.17,10.8,54
-29.485,28.215,7.3,54
-29.485,28.26,5.1,54
-29.485,28.305,6.2,54
-29.485,28.35,9.4,54
-29.485,28.395,13.2,54
-29.485,28.44,16.2,63
-29.485,28.485,12.0,63
-29.485,28.53,7.9,63
-29.485,28.575,4.3,63
-29.485,28.62,3.6,97
-29.485,28.665,6.8,97
-29.485,28.71,10.8,79
-29.485,28.755,14.9,79
-29.485,28.8,19.1,79
-29.485,28.845,23.4,79
-29.485,28.89,27.6,67
-29.485,28.935,25.2,67
-29.485,28.98,23.3,67
-29.485,29.025,22.2,67
-29.485,29.07,21.9,67
-29.485,29.115,22.4,96
-29.485,29.16,23.7,96
-29.485,29.205,25.7,96
-29.485,29.25,28.2,96
-29.485,29.295,31.1,96
-29.44,27.405,10.6,19
-29.44,27.45,9.2,19
-29.44,27.495,7.6,8
-29.44,27.54,4.5,64
-29.44,27.585,4.5,64
-29.44,27.63,7.7,64
-29.44,27.675,4.6,101
-29.44,27.72,1.3,101
-29.44,27.765,4.5,92
-29.44,27.81,8.7,92
-29.44,27.855,13.0,92
-29.44,27.9,16.0,57
-29.44,27.945,11.9,57
-29.44,27.99,8.0,57
-29.44,28.035,5.1,57
-29.44,28.08,5.0,57
-29.44,28.125,7.9,57
-29.44,28.17,11.7,57
-29.44,28.215,11.3,54
-29.44,28.26,10.1,54
-29.44,28.305,10.7,54
-29.44,28.35,12.8,54
-29.44,28.395,15.8,54
-29.44,28.44,17.9,63
-29.44,28.485,14.2,63
-29.44,28.53,10.9,63
-29.44,28.575,8.7,63
-29.44,28.62,8.4,63
-29.44,28.665,10.2,97
-29.44,28.71,13.2,97
-29.44,28.755,16.8,97
-29.44,28.8,20.7,97
-29.44,28.845,24.8,97
-29.44,28.89,23.9,67
-29.44,28.935,21.0,67
-29.44,28.98,18.7,67
-29.44,29.025,17.3,67
-29.44,29.07,16.9,67
-29.44,29.115,17.5,96
-29.44,29.16,19.2,96
-29.44,29.205,21.6,96
-29.44,29.25,24.5,96
-29.44,29.295,27.8,96
-29.44,29.34,31.4,96
-29.44,29.385,35.2,96
-29.395,27.45,4.3,19
-29.395,27.495,3.6,15
-29.395,27.54,2.2,8
-29.395,27.585,2.5,64
-29.395,27.63,6.7,64
-29.395,27.675,7.7,101
-29.395,27.72,6.3,101
-29.395,27.765,7.6,101
-29.395,27.81,10.7,101
-29.395,27.855,14.4,92
-29.395,27.9,18.1,57
-29.395,27.945,14.6,57
-29.395,27.99,11.6,57
-29.395,28.035,9.8,57
-29.395,28.08,9.8,57
-29.395,28.125,11.6,57
-29.395,28.17,14.5,57
-29.395,28.215,16.0,54
-29.395,28.26,15.1,54
-29.395,28.305,15.5,54
-29.395,28.35,17.0,54
-29.395,28.395,19.4,54
-29.395,28.44,20.7,63
-29.395,28.485,17.6,63
-29.395,28.53,15.1,63
-29.395,28.575,13.6,63
-29.395,28.62,13.4,63
-29.395,28.665,14.5,97
-29.395,28.71,16.8,97
-29.395,28.755,19.8,97
-29.395,28.8,22.0,83
-29.395,28.845,21.0,83
-29.395,28.89,20.6,67
-29.395,28.935,17.3,67
-29.395,28.98,14.4,67
-29.395,29.025,12.5,67
-29.395,29.07,11.9,67
-29.395,29.115,12.8,96
-29.395,29.16,14.9,96
-29.395,29.205,17.9,96
-29.395,29.25,21.4,96
-29.395,29.295,25.1,96
-29.395,29.34,29.1,96
-29.395,29.385,33.1,96
-29.395,29.43,37.2,96
-29.35,27.45,0.6,37
-29.35,27.495,1.8,38
-29.35,27.54,2.1,66
-29.35,27.585,5.0,66
-29.35,27.63,9.0,64
-29.35,27.675,12.1,101
-29.35,27.72,11.3,101
-29.35,27.765,12.0,101
-29.35,27.81,14.2,101
-29.35,27.855,17.2,101
-29.35,27.9,20.7,101
-29.35,27.945,18.3,57
-29.35,27.99,16.0,57
-29.35,28.035,14.8,57
-29.35,28.08,14.7,57
-29.35,28.125,16.0,57
-29.35,28.17,18.2,57
-29.35,28.215,20.7,54
-29.35,28.26,20.1,54
-29.35,28.305,20.4,54
-29.35,28.35,21.6,54
-29.35,28.395,23.5,54
-29.35,28.44,24.2,63
-29.35,28.485,21.6,63
-29.35,28.53,19.6,63
-29.35,28.575,18.5,63
-29.35,28.62,18.3,63
-29.35,28.665,19.2,63
-29.35,28.71,21.0,97
-29.35,28.755,19.4,83
-29.35,28.8,17.3,83
-29.35,28.845,16.1,83
-29.35,28.89,16.0,83
-29.35,28.935,14.3,67
-29.35,28.98,10.7,67
-29.35,29.025,7.8,67
-29.35,29.07,6.9,67
-29.35,29.115,8.3,96
-29.35,29.16,11.4,96
-29.35,29.205,15.1,96
-29.35,29.25,19.1,96
-29.35,29.295,23.2,96
-29.35,29.34,27.4,96
-29.35,29.385,31.6,96
-29.35,29.43,35.9,96
-29.305,27.495,0.8,45
-29.305,27.54,0.9,59
-29.305,27.585,4.2,62
-29.305,27.63,6.4,62
-29.305,27.675,10.0,62
-29.305,27.72,14.1,62
-29.305,27.765,16.8,101
-29.305,27.81,18.2,12
-29.305,27.855,20.1,12
-29.305,27.9,22.8,12
-29.305,27.945,22.5,57
-29.305,27.99,20.7,57
-29.305,28.035,19.7,57
-29.305,28.08,19.7,57
-29.305,28.125,20.6,57
-29.305,28.17,22.4,57
-29.305,28.215,24.8,57
-29.305,28.26,25.1,54
-29.305,28.305,25.3,54
-29.305,28.35,25.8,70
-29.305,28.395,23.7,70
-29.305,28.44,22.4,70
-29.305,28.485,21.8,70
-29.305,28.53,22.1,70
-29.305,28.575,23.3,70
-29.305,28.62,23.3,63
-29.305,28.665,22.7,83
-29.305,28.71,19.0,83
-29.305,28.755,15.6,83
-29.305,28.8,12.9,83
-29.305,28.845,11.2,83
-29.305,28.89,11.0,83
-29.305,28.935,12.5,83
-29.305,28.98,8.4,67
-29.305,29.025,4.2,67
-29.305,29.07,1.9,96
-29.305,29.115,5.1,96
-29.305,29.16,9.3,96
-29.305,29.205,13.6,96
-29.305,29.25,17.9,96
-29.305,29.295,22.2,96
-29.305,29.34,26.6,96
-29.305,29.385,30.9,96
-29.305,29.43,35.3,96
-29.26,27.54,4.1,62
-29.26,27.585,0.9,62
-29.26,27.63,4.8,62
-29.26,27.675,9.2,62
-29.26,27.72,12.2,12
-29.26,27.765,12.1,12
-29.26,27.81,13.6,12
-29.26,27.855,16.1,12
-29.26,27.9,19.2,71
-29.26,27.945,22.7,71
-29.26,27.99,25.5,57
-29.26,28.035,24.7,57
-29.26,28.08,24.7,57
-29.26,28.125,25.4,57
-29.26,28.17,26.9,57
-29.26,28.215,28.8,9
-29.26,28.26,28.1,70
-29.26,28.305,24.7,70
-29.26,28.35,21.7,70
-29.26,28.395,19.2,70
-29.26,28.44,17.5,70
-29.26,28.485,16.8,70
-29.26,28.53,17.2,70
-29.26,28.575,18.7,70
-29.26,28.62,20.9,70
-29.26,28.665,20.8,83
-29.26,28.71,16.7,83
-29.26,28.755,12.7,83
-29.26,28.8,9.0,83
-29.26,28.845,6.4,83
-29.26,28.89,6.2,83
-29.26,28.935,8.6,83
-29.26,28.98,8.8,67
-29.26,29.025,4.9,67
-29.26,29.07,3.2,96
-29.26,29.115,5.7,96
-29.26,29.16,9.6,96
-29.26,29.205,13.8,96
-29.26,29.25,18.1,96
-29.26,29.295,22.4,96
-29.26,29.34,26.7,96
-29.26,29.385,31.1,96
-29.215,27.54,7.0,62
-29.215,27.585,5.8,62
-29.215,27.63,7.5,62
-29.215,27.675,9.6,12
-29.215,27.72,7.3,12
-29.215,27.765,7.3,12
-29.215,27.81,9.5,12
-29.215,27.855,12.7,71
-29.215,27.9,16.4,71
-29.215,27.945,20.4,71
-29.215,27.99,24.6,71
-29.215,28.035,28.7,71
-29.215,28.08,26.9,9
-29.215,28.125,25.2,9
-29.215,28.17,24.1,9
-29.215,28.215,23.8,9
-29.215,28.26,24.3,9
-29.215,28.305,21.6,70
-29.215,28.35,18.1,70
-29.215,28.395,15.1,70
-29.215,28.44,12.8,70
-29.215,28.485,11.8,70
-29.215,28.53,12.4,70
-29.215,28.575,14.3,70
-29.215,28.62,17.2,70
-29.215,28.665,20.0,82
-29.215,28.71,15.6,82
-29.215,28.755,11.3,82
-29.215,28.8,6.9,82
-29.215,28.845,2.6,83
-29.215,28.89,2.1,83
-29.215,28.935,6.3,83
-29.215,28.98,10.6,83
-29.215,29.025,9.0,67
-29.215,29.07,8.1,96
-29.215,29.115,9.4,96
-29.215,29.16,12.2,96
-29.215,29.205,15.7,96
-29.215,29.25,19.6,96
-29.215,29.295,23.6,96
-29.215,29.34,27.8,96
-29.215,29.385,32.0,96
-29.17,27.585,10.8,62
-29.17,27.63,11.1,7
-29.17,27.675,6.9,7
-29.17,27.72,3.0,12
-29.17,27.765,2.9,13
-29.17,27.81,6.4,71
-29.17,27.855,10.6,71
-29.17,27.9,14.9,71
-29.17,27.945,19.2,71
-29.17,27.99,23.5,71
-29.17,28.035,25.3,9
-29.17,28.08,22.6,9
-29.17,28.125,20.5,9
-29.17,28.17,19.2,9
-29.17,28.215,18.8,9
-29.17,28.26,19.4,9
-29.17,28.305,19.4,70
-29.17,28.35,15.3,70
-29.17,28.395,11.6,70
-29.17,28.44,8.4,70
-29.17,28.485,6.8,70
-29.17,28.53,7.8,70
-29.17,28.575,10.6,70
-29.17,28.62,14.2,70
-29.17,28.665,18.2,70
-29.17,28.71,16.1,82
-29.17,28.755,12.0,82
-29.17,28.8,8.0,82
-29.17,28.845,4.8,82
-29.17,28.89,4.5,82
-29.17,28.935,7.5,82
-29.17,28.98,11.4,82
-29.17,29.025,13.7,67
-29.17,29.07,13.1,96
-29.17,29.115,14.0,96
-29.17,29.16,16.0,96
-29.17,29.205,18.8,96
-29.17,29.25,22.1,96
-29.17,29.295,25.8,96
-29.17,29.34,29.6,96
-29.125,27.675,7.1,7
-29.125,27.72,3.5,7
-29.125,27.765,3.0,71
-29.125,27.81,6.5,71
-29.125,27.855,10.6,71
-29.125,27.9,14.9,71
-29.125,27.945,19.2,71
-29.125,27.99,23.5,71
-29.125,28.035,21.8,9
-29.125,28.08,18.6,9
-29.125,28.125,16.0,9
-29.125,28.17,14.3,9
-29.125,28.215,13.8,9
-29.125,28.26,14.7,9
-29.125,28.305,16.7,9
-29.125,28.35,13.9,70
-29.125,28.395,9.5,70
-29.125,28.44,5.3,70
-29.125,28.485,1.9,70
-29.125,28.53,4.2,70
-29.125,28.575,8.3,70
-29.125,28.62,12.6,70
-29.125,28.665,16.9,70
-29.125,28.71,18.1,82
-29.125,28.755,14.5,82
-29.125,28.8,11.4,82
-29.125,28.845,9.5,82
-29.125,28.89,9.3,82
-29.125,28.935,11.1,82
-29.125,28.98,14.0,82
-29.125,29.025,17.5,82
-29.125,29.07,18.1,96
-29.125,29.115,18.7,96
-29.125,29.16,20.3,96
-29.125,29.205,22.6,96
-29.125,29.25,25.4,96
-29.125,29.295,28.7,96
-29.125,29.34,32.2,96
-29.08,27.675,10.1,7
-29.08,27.72,8.1,7
-29.08,27.765,7.7,71
-29.08,27.81,9.6,71
-29.08,27.855,12.8,71
-29.08,27.9,16.5,71
-29.08,27.945,20.0,102
-29.08,27.99,20.3,102
-29.08,28.035,19.0,9
-29.08,28.08,15.3,9
-29.08,28.125,12.0,9
-29.08,28.17,9.6,9
-29.08,28.215,8.8,9
-29.08,28.26,10.1,9
-29.08,28.305,12.8,9
-29.08,28.35,14.1,70
-29.08,28.395,9.9,70
-29.08,28.44,5.9,70
-29.08,28.485,3.3,70
-29.08,28.53,4.9,70
-29.08,28.575,8.7,70
-29.08,28.62,12.9,70
-29.08,28.665,17.2,70
-29.08,28.71,21.1,82
-29.08,28.755,18.1,82
-29.08,28.8,15.7,82
-29.08,28.845,14.4,82
-29.08,28.89,14.3,82
-29.08,28.935,15.5,82
-29.08,28.98,17.7,82
-29.08,29.025,20.6,82
-29.08,29.07,23.1,96
-29.08,29.115,23.6,96
-29.08,29.16,24.9,96
-29.08,29.205,26.8,96
-29.08,29.295,32.1,96
-29.035,27.72,12.9,71
-29.035,27.765,12.7,71
-29.035,27.81,13.9,71
-29.035,27.855,16.3,71
-29.035,27.9,15.9,102
-29.035,27.945,15.0,102
-29.035,27.99,15.4,102
-29.035,28.035,16.9,102
-29.035,28.08,13.1,9
-29.035,28.125,9.0,9
-29.035,28.17,5.3,9
-29.035,28.215,3.8,9
-29.035,28.26,6.2,9
-29.035,28.305,10.1,9
-29.035,28.35,14.2,9
-29.035,28.395,12.5,70
-29.035,28.44,9.6,70
-29.035,28.485,8.2,70
-29.035,28.53,9.0,70
-29.035,28.575,11.5,70
-29.035,28.62,14.9,70
-29.035,28.665,18.8,70
-29.035,28.71,22.8,70
-29.035,28.755,22.2,82
-29.035,28.8,20.3,82
-29.035,28.845,19.3,82
-29.035,28.89,19.2,82
-29.035,28.935,20.1,82
-29.035,28.98,21.9,82
-29.035,29.025,24.3,82
-29.035,29.07,27.2,82
-29.035,29.115,28.5,96
-29.035,29.16,29.6,96
-29.035,29.205,31.2,96
-28.99,27.72,17.8,71
-28.99,27.765,17.6,71
-28.99,27.81,14.7,11
-28.99,27.855,12.3,11
-28.99,27.9,11.3,102
-28.99,27.945,10.0,102
-28.99,27.99,10.6,102
-28.99,28.035,12.7,102
-28.99,28.08,12.6,9
-28.99,28.125,8.2,9
-28.99,28.17,4.0,9
-28.99,28.215,1.4,9
-28.99,28.26,5.1,9
-28.99,28.305,9.4,9
-28.99,28.35,13.8,9
-28.99,28.395,16.2,70
-28.99,28.44,14.1,70
-28.99,28.485,13.2,70
-28.99,28.53,13.7,70
-28.99,28.575,15.5,70
-28.99,28.62,18.2,70
-28.99,28.665,21.4,70
-28.99,28.71,25.0,70
-28.99,28.755,26.6,82
-28.99,28.8,25.1,82
-28.99,28.845,24.3,82
-28.99,28.89,24.2,82
-28.99,28.935,24.9,82
-28.99,28.98,26.4,82
-28.99,29.025,28.4,82
-28.99,29.07,31.0,82
-28.99,29.115,33.5,96
-28.945,27.765,15.1,11
-28.945,27.81,11.3,11
-28.945,27.855,8.0,11
-28.945,27.9,6.3,11
-28.945,27.945,5.1,102
-28.945,27.99,6.1,102
-28.945,28.035,8.0,51
-28.945,28.08,8.8,52
-28.945,28.125,10.3,9
-28.945,28.17,7.3,9
-28.945,28.215,6.3,9
-28.945,28.26,8.0,9
-28.945,28.305,11.2,9
-28.945,28.35,15.1,9
-28.945,28.395,19.2,9
-28.945,28.44,18.9,70
-28.945,28.485,18.2,70
-28.945,28.53,18.6,70
-28.945,28.575,19.9,70
-28.945,28.62,22.1,70
-28.945,28.665,24.8,70
-28.945,28.71,28.0,70
-28.945,28.755,31.2,82
-28.945,28.8,30.0,82
-28.945,28.845,29.3,82
-28.945,28.89,29.2,82
-28.945,28.935,29.8,82
-28.945,28.98,31.0,82
-28.945,29.025,32.8,82
-28.945,29.07,35.0,82
-28.9,27.765,13.8,11
-28.9,27.9,1.4,11
-28.9,27.945,0.9,102
-28.9,27.99,3.5,102
-28.9,28.035,3.1,51
-28.9,28.08,4.8,52
-28.9,28.125,8.6,52
-28.9,28.17,11.8,9
-28.9,28.215,11.2,9
-28.9,28.26,12.3,9
-28.9,28.305,14.6,9
-28.9,28.35,17.7,9
-28.9,28.395,20.9,89
-28.9,28.44,23.8,70
-28.9,28.485,23.2,70
-28.9,28.53,23.5,70
-28.9,28.575,24.6,70
-28.9,28.62,26.4,70
-28.9,28.665,28.7,70
-28.9,28.71,31.5,70
-28.9,28.755,34.6,70
-28.9,28.8,34.8,82
-28.9,28.845,34.2,82
-28.9,28.89,34.2,82
-28.9,28.935,34.7,82
-28.9,29.025,37.3,82
-28.855,27.945,5.1,102
-28.855,28.035,2.1,53
-28.855,28.08,4.2,52
-28.855,28.125,8.3,52
-28.855,28.17,12.6,52
-28.855,28.215,10.8,89
-28.855,28.26,10.3,89
-28.855,28.305,11.6,89
-28.855,28.35,14.2,89
-28.855,28.395,17.6,89
-28.855,28.44,21.3,89
-28.855,28.485,25.2,89
-28.855,28.53,28.5,70
-28.855,28.575,29.4,70
-28.855,28.62,30.9,70
-28.855,28.665,32.9,70
-28.855,28.71,35.3,70
-28.855,28.755,38.1,70
-28.855,28.8,39.8,82
-28.855,28.845,39.2,82
-28.855,28.89,39.2,82
-28.855,28.935,39.7,82
-28.81,28.08,7.9,53
-28.81,28.125,10.7,52
-28.81,28.17,9.3,89
-28.81,28.215,6.2,89
-28.81,28.26,5.4,89
-28.81,28.305,7.6,89
-28.81,28.35,11.2,89
-28.81,28.395,15.2,89
-28.81,28.44,19.4,89
-28.81,28.485,23.6,89
-28.81,28.53,27.9,89
-28.81,28.575,32.2,89
-28.81,28.62,35.5,70
-28.81,28.665,37.3,70
-28.81,28.71,39.4,70
-28.81,28.755,42.0,70
-28.81,28.8,44.7,82
-28.81,28.845,44.2,82
-28.81,28.89,44.2,82
-28.765,28.125,12.1,89
-28.765,28.17,7.7,89
-28.765,28.215,3.3,89
-28.765,28.26,1.1,89
-28.765,28.305,5.5,89
-28.765,28.35,9.9,89
-28.765,28.395,14.3,89
-28.765,28.44,18.7,89
-28.765,28.485,23.0,89
-28.765,28.53,27.4,89
-28.765,28.575,31.8,89
-28.765,28.62,36.2,89
-28.765,28.665,40.6,89
-28.765,28.71,43.7,70
-28.765,28.755,46.0,70
-28.765,28.8,48.6,70
-28.765,28.845,49.2,82
-28.72,28.17,9.0,89
-28.72,28.215,5.8,89
-28.72,28.26,4.9,89
-28.72,28.305,7.3,89
-28.72,28.35,11.0,89
-28.72,28.395,15.0,89
-28.72,28.44,19.3,89
-28.72,28.485,23.5,89
-28.72,28.53,27.8,89
-28.72,28.575,32.2,89
-28.72,28.62,36.5,89
-28.72,28.665,40.9,89
-28.72,28.71,45.2,89
-28.72,28.755,49.6,89
-28.72,28.8,52.6,70
-28.675,28.395,17.3,89
-28.675,28.44,21.1,89
-28.675,28.485,25.0,89
-28.675,28.53,29.1,89
-28.675,28.575,33.3,89
-28.675,28.62,37.5,89
-28.675,28.665,41.8,89
-28.675,28.71,46.0,89
-28.63,28.44,23.8,89
-28.63,28.485,27.4,89
-28.63,28.53,31.2,89
-28.63,28.575,35.1,89
-28.63,28.62,39.1,89
-28.63,28.665,43.2,89
-28.585,28.665,45.2,89
